{
	"lights": [
		{
			"satinCol": [
				0.368627450980392,
				0.396078431372549,
				0.556862745098039,
				0.184782608695652
			],
			"innerCol": [
				0.568627450980392,
				0.56078431372549,
				0.286274509803922,
				0.0398550724637681
			],
			"overlayCol": [
				1,
				0,
				0,
				0
			],
			"angle": 0,
			"dist": 49.0942028985507,
			"name": "steve"
		},
		{
			"satinCol": [
				0,
				0,
				0,
				0.351449275362319
			],
			"innerCol": [
				0.450980392156863,
				0.443137254901961,
				0.184313725490196,
				0.0543478260869565
			],
			"overlayCol": [
				1,
				0,
				0,
				0
			],
			"angle": 0,
			"dist": 29.3478260869565,
			"name": "herobrine"
		},
		{
			"satinCol": [
				0,
				0,
				0,
				0.155797101449275
			],
			"innerCol": [
				0.450980392156863,
				0.443137254901961,
				0.184313725490196,
				0.0833333333333333
			],
			"overlayCol": [
				1,
				0,
				0,
				0
			],
			"angle": 0,
			"dist": 0,
			"name": "gf"
		}
	]
}